{
  "paused": false,
  "pause_reason": "",
  "daily_usd": 249.99999999995026,
  "hourly_usd": 99.9999999999801,
  "daily_start_ts": 1766959286.4568658,
  "hourly_start_ts": 1766964105.2644289,
  "recent_bps": [
    5.999999999998805,
    5.999999999998805,
    1.999999999999602,
    1.999999999999602,
    1.999999999999602,
    1.999999999999602
  ]
}