{
  "day_key": "2025-12-31",
  "last_trade_ts_by_regime": {
    "DIRECTIONAL_EXPANSION": 1766210395.649543,
    "RANGE": 1766964112.197046
  },
  "trade_counts": {}
}